Race,Gender,First Name,Last Name,Occupation,Language,Email,Country
Salvadoran,Female,Evelyn,Bowman,VP Sales,Greek,ebowman0@wix.com,Argentina
South American,Male,Michael,Lee,Professor,Dari,mlee1@slideshare.net,Peru
Argentinian,Male,Philip,Brown,Biostatistician III,Dari,pbrown2@desdev.cn,Iran
Tohono O'Odham,Female,Angela,Duncan,Programmer III,Dari,aduncan3@barnesandnoble.com,Albania
Yakama,Male,Carlos,Hall,VP Product Management,Quechua,chall4@1und1.de,Russia
Bolivian,Male,Clarence,Ward,Research Nurse,Hungarian,cward5@thetimes.co.uk,United States
Vietnamese,Female,Rose,Gardner,Environmental Specialist,Bengali,rgardner6@arstechnica.com,Indonesia
Alaska Native,Female,Annie,Lee,Senior Developer,English,alee7@1und1.de,China
Bolivian,Male,Chris,Morris,Cost Accountant,Khmer,cmorris8@oracle.com,Russia
Micronesian,Male,Todd,Brown,Nuclear Power Engineer,Tsonga,tbrown9@purevolume.com,China
Argentinian,Female,Linda,Chapman,Financial Analyst,Kannada,lchapmana@yelp.com,China
Lumbee,Female,Evelyn,Simpson,Marketing Manager,Pashto,esimpsonb@ftc.gov,Sweden
Sioux,Male,Bruce,Mcdonald,Software Test Engineer III,Armenian,bmcdonaldc@comcast.net,Finland
Asian,Female,Anna,Diaz,Assistant Manager,Latvian,adiazd@wordpress.org,Nicaragua
Delaware,Male,Brian,Coleman,Recruiting Manager,Somali,bcolemane@newyorker.com,Bulgaria
Laotian,Male,Juan,Greene,Systems Administrator IV,Punjabi,jgreenef@github.io,Sweden
Honduran,Female,Phyllis,Banks,Electrical Engineer,Afrikaans,pbanksg@typepad.com,China
Kiowa,Male,Jonathan,Montgomery,Marketing Assistant,Swedish,jmontgomeryh@dedecms.com,Czech Republic
Tongan,Female,Ann,Knight,Speech Pathologist,Czech,aknighti@flavors.me,Ukraine
Apache,Female,Janice,Ford,VP Sales,Armenian,jfordj@w3.org,Colombia
Cree,Female,Catherine,Stone,VP Sales,Spanish,cstonek@ebay.com,Sweden
Puget Sound Salish,Female,Robin,Dunn,Editor,German,rdunnl@flavors.me,Indonesia
Asian Indian,Male,Charles,Phillips,Actuary,Romanian,cphillipsm@blogger.com,Armenia
Black or African American,Male,Jack,Morales,Financial Advisor,Icelandic,jmoralesn@163.com,China
Malaysian,Female,Deborah,Dunn,Paralegal,Danish,ddunno@google.ca,China
Cree,Male,Alan,Rodriguez,Biostatistician III,Italian,arodriguezp@123-reg.co.uk,Finland
Samoan,Male,Martin,Frazier,Marketing Assistant,Lithuanian,mfrazierq@cnbc.com,Kazakhstan
Malaysian,Female,Judith,Olson,Cost Accountant,Swati,jolsonr@edublogs.org,Colombia
Chilean,Male,Victor,Woods,Payment Adjustment Coordinator,Belarusian,vwoodss@answers.com,Pakistan
Puget Sound Salish,Male,Carl,Martinez,Mechanical Systems Engineer,Arabic,cmartinezt@paypal.com,China
Bolivian,Female,Tina,Cooper,Data Coordiator,Croatian,tcooperu@over-blog.com,Ukraine
Laotian,Female,Evelyn,Griffin,Senior Sales Associate,Dzongkha,egriffinv@irs.gov,Ukraine
Bangladeshi,Male,Bobby,Kelly,Speech Pathologist,Tsonga,bkellyw@buzzfeed.com,Indonesia
Yaqui,Female,Amanda,Boyd,Sales Representative,Nepali,aboydx@list-manage.com,China
Apache,Female,Amanda,Carr,Occupational Therapist,Dutch,acarry@sun.com,Poland
Venezuelan,Male,Samuel,Harrison,Occupational Therapist,Haitian Creole,sharrisonz@nyu.edu,Brazil
Tongan,Female,Emily,Harris,Senior Cost Accountant,Romanian,eharris10@istockphoto.com,Indonesia
Samoan,Female,Ruth,Price,Help Desk Operator,Malayalam,rprice11@yandex.ru,Nigeria
Creek,Male,Shawn,Peterson,Chemical Engineer,Azeri,speterson12@geocities.jp,Russia
Asian Indian,Male,Terry,Baker,Senior Quality Engineer,French,tbaker13@hatena.ne.jp,Pakistan
Yuman,Male,Benjamin,Dunn,Marketing Manager,Japanese,bdunn14@bbb.org,Russia
Venezuelan,Female,Teresa,Snyder,Account Representative II,Portuguese,tsnyder15@examiner.com,Ukraine
Latin American Indian,Male,Andrew,Vasquez,Registered Nurse,Lithuanian,avasquez16@time.com,Argentina
Yaqui,Female,Diane,Murray,Health Coach III,Oriya,dmurray17@economist.com,Czech Republic
Osage,Male,Robert,Holmes,Information Systems Manager,Icelandic,rholmes18@independent.co.uk,Philippines
Central American,Female,Deborah,Andrews,GIS Technical Architect,Khmer,dandrews19@soup.io,Philippines
Bangladeshi,Male,Howard,Gutierrez,Food Chemist,Malay,hgutierrez1a@independent.co.uk,Portugal
Sri Lankan,Female,Kathy,Frazier,General Manager,Spanish,kfrazier1b@seesaa.net,Colombia
American Indian,Female,Heather,Brown,Community Outreach Specialist,Greek,hbrown1c@smh.com.au,Colombia
Seminole,Female,Phyllis,Porter,Senior Quality Engineer,Somali,pporter1d@scientificamerican.com,United States
Native Hawaiian,Female,Janice,Perez,Cost Accountant,Gagauz,jperez1e@reference.com,China
Navajo,Female,Jane,Berry,Marketing Manager,Malagasy,jberry1f@stumbleupon.com,Bolivia
Latin American Indian,Male,Samuel,Gray,General Manager,Armenian,sgray1g@ycombinator.com,Russia
Alaska Native,Female,Joyce,Perez,Senior Editor,Kurdish,jperez1h@marriott.com,Croatia
Spaniard,Male,George,Griffin,Social Worker,German,ggriffin1i@examiner.com,Argentina
American Indian and Alaska Native (AIAN),Female,Judy,Ross,Senior Editor,West Frisian,jross1j@mysql.com,Indonesia
Asian Indian,Female,Judy,Banks,Senior Financial Analyst,Khmer,jbanks1k@mediafire.com,Macedonia
Nicaraguan,Female,Kathryn,Cook,VP Marketing,Tsonga,kcook1l@prweb.com,Argentina
Eskimo,Female,Maria,Freeman,Social Worker,Pashto,mfreeman1m@java.com,China
Venezuelan,Male,Alan,Stewart,VP Marketing,Bengali,astewart1n@printfriendly.com,China
Potawatomi,Female,Mildred,Ross,Automation Specialist III,Montenegrin,mross1o@theglobeandmail.com,Indonesia
Panamanian,Male,Jonathan,Bennett,Staff Accountant IV,Malay,jbennett1p@google.fr,Venezuela
Eskimo,Male,Jack,Lopez,Legal Assistant,Dari,jlopez1q@cnn.com,China
Native Hawaiian,Female,Andrea,Black,Financial Advisor,Maltese,ablack1r@sina.com.cn,Croatia
Spaniard,Female,Carol,Kelly,Accountant II,Malagasy,ckelly1s@shutterfly.com,China
Seminole,Male,Jeremy,Wallace,VP Marketing,Armenian,jwallace1t@wsj.com,Indonesia
Shoshone,Female,Carolyn,Peters,Web Designer III,Swahili,cpeters1u@usgs.gov,Portugal
Nicaraguan,Female,Cheryl,Gray,Data Coordiator,Bislama,cgray1v@dailymotion.com,Niger
Native Hawaiian and Other Pacific Islander (NHPI),Female,Nicole,Foster,Environmental Specialist,Marathi,nfoster1w@flavors.me,Poland
Peruvian,Female,Melissa,Rice,Recruiter,German,mrice1x@zdnet.com,Australia
Peruvian,Male,Joseph,Ray,Health Coach III,Finnish,jray1y@drupal.org,Thailand
Osage,Male,Jesse,Rose,Cost Accountant,Tajik,jrose1z@printfriendly.com,United States
Fijian,Male,Ralph,Burns,Analog Circuit Design manager,Catalan,rburns20@google.de,Russia
Vietnamese,Female,Marilyn,Carpenter,Nuclear Power Engineer,Bengali,mcarpenter21@cbslocal.com,Afghanistan
Delaware,Female,Patricia,Holmes,Research Nurse,Afrikaans,pholmes22@senate.gov,Pakistan
Houma,Male,William,Wallace,Paralegal,Lao,wwallace23@arstechnica.com,China
Bangladeshi,Male,Victor,Watkins,Director of Sales,Bislama,vwatkins24@cornell.edu,Thailand
Puerto Rican,Male,Timothy,Brooks,Engineer II,Catalan,tbrooks25@guardian.co.uk,Philippines
Sri Lankan,Male,Paul,Griffin,Legal Assistant,Quechua,pgriffin26@hibu.com,Poland
Korean,Female,Kathy,Hanson,Speech Pathologist,Japanese,khanson27@google.com.au,Canada
Ute,Female,Louise,Williamson,Sales Representative,Dutch,lwilliamson28@diigo.com,Japan
Pakistani,Female,Teresa,Owens,Civil Engineer,Latvian,towens29@zdnet.com,Indonesia
Puerto Rican,Male,Kevin,Griffin,Research Assistant III,Latvian,kgriffin2a@bluehost.com,Mexico
Lumbee,Female,Irene,Hudson,Senior Financial Analyst,Malagasy,ihudson2b@cbsnews.com,China
Colville,Female,Norma,Robinson,Business Systems Development Analyst,Irish Gaelic,nrobinson2c@ucsd.edu,Bahrain
Asian Indian,Male,Raymond,Wells,Technical Writer,Finnish,rwells2d@blinklist.com,China
Iroquois,Female,Joan,Gordon,Nurse Practicioner,Icelandic,jgordon2e@newsvine.com,Poland
Creek,Female,Jean,Alvarez,Actuary,Zulu,jalvarez2f@spotify.com,Russia
Pakistani,Female,Linda,Barnes,Nurse,Punjabi,lbarnes2g@exblog.jp,Peru
Vietnamese,Female,Andrea,Stevens,Geologist III,Khmer,astevens2h@alibaba.com,China
Asian,Female,Mildred,Spencer,Marketing Assistant,French,mspencer2i@jimdo.com,China
Cherokee,Female,Laura,George,Recruiting Manager,Northern Sotho,lgeorge2j@statcounter.com,China
Hmong,Male,Aaron,Rivera,Account Representative III,Catalan,arivera2k@weebly.com,Russia
Spaniard,Male,Scott,Willis,Staff Accountant I,Tajik,swillis2l@mashable.com,Poland
Polynesian,Female,Janice,Rivera,Accountant II,Māori,jrivera2m@abc.net.au,Portugal
Panamanian,Female,Evelyn,Hawkins,Quality Control Specialist,Mongolian,ehawkins2n@google.co.jp,Brazil
Honduran,Male,Ernest,Porter,VP Quality Control,Oriya,eporter2o@ameblo.jp,Indonesia
Chippewa,Male,John,Ruiz,Data Coordiator,Sotho,jruiz2p@salon.com,China
Colville,Female,Julie,Banks,Pharmacist,Nepali,jbanks2q@loc.gov,Poland
Potawatomi,Male,Aaron,Murray,Internal Auditor,Norwegian,amurray2r@pagesperso-orange.fr,Latvia
Alaska Native,Female,Lois,Cook,VP Sales,Kurdish,lcook2s@over-blog.com,Philippines
Delaware,Female,Lois,Sims,Internal Auditor,Norwegian,lsims2t@w3.org,Bangladesh
Samoan,Female,Paula,Reed,Chemical Engineer,Malay,preed2u@prnewswire.com,Canada
Alaskan Athabascan,Male,Nicholas,Fields,Help Desk Operator,Māori,nfields2v@desdev.cn,Indonesia
Sioux,Female,Mary,Simmons,Analog Circuit Design manager,Filipino,msimmons2w@epa.gov,Philippines
Menominee,Female,Christine,Gomez,Executive Secretary,West Frisian,cgomez2x@tamu.edu,Canada
Polynesian,Male,Victor,Carter,Automation Specialist IV,Hiri Motu,vcarter2y@disqus.com,China
Cuban,Female,Amanda,Watson,Electrical Engineer,Punjabi,awatson2z@uiuc.edu,Afghanistan
Panamanian,Male,Keith,Montgomery,Clinical Specialist,Marathi,kmontgomery30@vkontakte.ru,Russia
Laotian,Male,Wayne,Jones,Senior Sales Associate,Catalan,wjones31@mysql.com,Azerbaijan
Pueblo,Female,Gloria,Johnston,Food Chemist,Bulgarian,gjohnston32@cnbc.com,South Africa
Blackfeet,Female,Nicole,Chapman,Recruiting Manager,Tamil,nchapman33@google.co.jp,Netherlands
Asian Indian,Female,Susan,Wilson,Budget/Accounting Analyst III,Hungarian,swilson34@deliciousdays.com,Kazakhstan
Paiute,Female,Tammy,King,Data Coordiator,West Frisian,tking35@admin.ch,Philippines
Chinese,Female,Tammy,Grant,Technical Writer,Montenegrin,tgrant36@a8.net,South Korea
Korean,Male,Kenneth,Collins,Systems Administrator III,Hungarian,kcollins37@php.net,Russia
Chilean,Male,John,Flores,Software Engineer IV,New Zealand Sign Language,jflores38@bloomberg.com,Czech Republic
Samoan,Female,Carolyn,Rice,Operator,Fijian,crice39@comsenz.com,China
Guatemalan,Female,Michelle,Fuller,Clinical Specialist,Gagauz,mfuller3a@google.co.uk,Portugal
Paraguayan,Female,Diana,Crawford,Nurse Practicioner,Luxembourgish,dcrawford3b@reuters.com,China
Fijian,Female,Helen,Nguyen,Human Resources Manager,Luxembourgish,hnguyen3c@smugmug.com,China
Chippewa,Female,Gloria,Hunter,Statistician II,Estonian,ghunter3d@army.mil,China
Puerto Rican,Female,Doris,Wilson,Help Desk Operator,German,dwilson3e@chron.com,Cuba
Malaysian,Female,Denise,Payne,Director of Sales,Aymara,dpayne3f@cbslocal.com,China
Guatemalan,Male,Charles,Nelson,Marketing Assistant,Icelandic,cnelson3g@meetup.com,Sweden
Osage,Female,Kathryn,Martin,Technical Writer,Nepali,kmartin3h@hatena.ne.jp,Poland
Shoshone,Male,Daniel,Young,Accounting Assistant III,Romanian,dyoung3i@hugedomains.com,Poland
Salvadoran,Male,Arthur,Mendoza,Environmental Specialist,Northern Sotho,amendoza3j@businessweek.com,Philippines
Korean,Female,Maria,Anderson,Help Desk Technician,Estonian,manderson3k@behance.net,Philippines
Yuman,Female,Katherine,Berry,General Manager,Tajik,kberry3l@yale.edu,Honduras
Colville,Female,Sandra,Kelley,VP Marketing,Bulgarian,skelley3m@stumbleupon.com,Russia
Asian,Male,Henry,Campbell,Registered Nurse,Romanian,hcampbell3n@nymag.com,United States
Central American,Male,Roy,Foster,Recruiter,Quechua,rfoster3o@hud.gov,Republic of the Congo
Paiute,Male,Scott,Hill,Internal Auditor,Armenian,shill3p@cmu.edu,Indonesia
Chinese,Male,Jesse,Duncan,Technical Writer,Aymara,jduncan3q@w3.org,Colombia
Eskimo,Female,Lois,Frazier,Senior Financial Analyst,Romanian,lfrazier3r@who.int,Brazil
Samoan,Male,Terry,Bryant,Compensation Analyst,Italian,tbryant3s@salon.com,Wallis and Futuna
Pueblo,Male,Todd,Dixon,Accounting Assistant II,Gujarati,tdixon3t@ca.gov,Haiti
Native Hawaiian and Other Pacific Islander (NHPI),Female,Anne,Robinson,Analog Circuit Design manager,Tajik,arobinson3u@webnode.com,New Zealand
Tlingit-Haida,Female,Karen,Myers,Senior Sales Associate,Hungarian,kmyers3v@diigo.com,Brazil
American Indian and Alaska Native (AIAN),Female,Andrea,Hill,Nuclear Power Engineer,Swati,ahill3w@instagram.com,Ukraine
Indonesian,Female,Sara,Lawrence,Chief Design Engineer,Punjabi,slawrence3x@webeden.co.uk,Honduras
Paraguayan,Female,Beverly,White,Biostatistician IV,Macedonian,bwhite3y@unesco.org,Malaysia
Mexican,Female,Phyllis,Payne,Developer I,Papiamento,ppayne3z@blogs.com,Kyrgyzstan
Tongan,Male,Steven,Gilbert,Registered Nurse,Swedish,sgilbert40@mail.ru,China
Kiowa,Male,Martin,White,Recruiter,Kazakh,mwhite41@163.com,Sweden
White,Male,Peter,Carroll,Software Engineer II,Norwegian,pcarroll42@toplist.cz,France
Argentinian,Male,Joseph,Mccoy,Human Resources Manager,Danish,jmccoy43@ameblo.jp,Netherlands
Bangladeshi,Female,Rebecca,Thompson,Database Administrator I,Latvian,rthompson44@etsy.com,Iran
Pakistani,Female,Christina,Hawkins,Quality Engineer,Greek,chawkins45@privacy.gov.au,China
Black or African American,Male,Wayne,Mcdonald,Structural Engineer,Hiri Motu,wmcdonald46@moonfruit.com,China
Crow,Female,Pamela,Wright,Office Assistant IV,Catalan,pwright47@webmd.com,Portugal
Central American,Male,Jason,Harris,Project Manager,Japanese,jharris48@go.com,Philippines
Salvadoran,Male,Alan,Brooks,Community Outreach Specialist,Korean,abrooks49@house.gov,Slovenia
Native Hawaiian,Female,Laura,Hart,Senior Quality Engineer,Korean,lhart4a@sciencedirect.com,Algeria
Peruvian,Male,Peter,Weaver,Nurse,Persian,pweaver4b@wiley.com,Ukraine
Eskimo,Male,Aaron,Perez,Structural Analysis Engineer,Persian,aperez4c@abc.net.au,Philippines
Peruvian,Male,Richard,Perkins,Project Manager,Chinese,rperkins4d@bbc.co.uk,Vietnam
Bangladeshi,Female,Alice,Perkins,Nuclear Power Engineer,French,aperkins4e@1688.com,China
Hmong,Female,Amanda,Palmer,Operator,Indonesian,apalmer4f@mapy.cz,Philippines
Venezuelan,Male,Craig,Lane,Health Coach III,Gagauz,clane4g@ustream.tv,Rwanda
Colombian,Female,Robin,Elliott,Sales Representative,Tswana,relliott4h@uiuc.edu,China
Creek,Male,Martin,Vasquez,Recruiting Manager,Nepali,mvasquez4i@boston.com,Argentina
Colombian,Male,Anthony,Hayes,Biostatistician II,Ndebele,ahayes4j@parallels.com,Vietnam
Peruvian,Female,Martha,Stephens,Help Desk Operator,Italian,mstephens4k@va.gov,Indonesia
Tlingit-Haida,Male,Shawn,Bishop,Account Executive,Tajik,sbishop4l@cpanel.net,China
Crow,Male,Matthew,Fields,Actuary,Afrikaans,mfields4m@parallels.com,Greece
Cree,Male,Craig,Wells,Marketing Assistant,Afrikaans,cwells4n@ftc.gov,China
Sioux,Male,Jose,Rice,Accounting Assistant II,Croatian,jrice4o@usgs.gov,Uruguay
Chinese,Female,Julie,Gibson,Civil Engineer,Kazakh,jgibson4p@mozilla.org,United States
Micronesian,Male,Jeffrey,Carr,Professor,Moldovan,jcarr4q@hp.com,Japan
Melanesian,Female,Rebecca,Barnes,Database Administrator I,Tajik,rbarnes4r@bandcamp.com,Argentina
South American,Male,Ronald,Hughes,Automation Specialist II,Filipino,rhughes4s@ifeng.com,Honduras
Hmong,Female,Melissa,Roberts,Account Coordinator,Luxembourgish,mroberts4t@shop-pro.jp,Indonesia
Pueblo,Female,Donna,Cunningham,Software Test Engineer IV,Belarusian,dcunningham4u@biblegateway.com,Indonesia
Sioux,Female,Carolyn,Alvarez,Technical Writer,Burmese,calvarez4v@google.co.jp,Poland
Yaqui,Male,Scott,Snyder,Pharmacist,Hiri Motu,ssnyder4w@skyrock.com,China
Mexican,Male,Kevin,Cruz,Speech Pathologist,Bulgarian,kcruz4x@xinhuanet.com,Indonesia
Peruvian,Male,Victor,Romero,VP Accounting,Hiri Motu,vromero4y@npr.org,Indonesia
Cree,Female,Marilyn,Rodriguez,Technical Writer,Filipino,mrodriguez4z@usda.gov,Moldova
Comanche,Male,Bobby,Hansen,Administrative Assistant II,Dzongkha,bhansen50@de.vu,China
Chippewa,Male,Benjamin,Jordan,Senior Cost Accountant,Dzongkha,bjordan51@gmpg.org,Indonesia
Black or African American,Female,Gloria,Hunter,Safety Technician I,Belarusian,ghunter52@mediafire.com,Iran
Houma,Female,Carolyn,Gomez,Research Nurse,Haitian Creole,cgomez53@sun.com,Belgium
Tohono O'Odham,Female,Carol,Anderson,Accounting Assistant IV,Latvian,canderson54@fema.gov,Ukraine
Colombian,Male,Keith,Roberts,Registered Nurse,Fijian,kroberts55@studiopress.com,American Samoa
Alaska Native,Female,Nicole,Cox,Geological Engineer,Marathi,ncox56@acquirethisname.com,China
Black or African American,Male,Carl,Carpenter,Software Test Engineer II,Lithuanian,ccarpenter57@ycombinator.com,Canada
Navajo,Male,Jose,Chapman,Health Coach IV,Lao,jchapman58@arizona.edu,China
Apache,Female,Beverly,Lewis,Operator,Assamese,blewis59@wordpress.org,Ukraine
Laotian,Male,Frank,Moore,Systems Administrator II,Mongolian,fmoore5a@bloomberg.com,South Korea
Taiwanese,Male,Jose,Ramirez,Senior Financial Analyst,Luxembourgish,jramirez5b@economist.com,China
Alaska Native,Female,Amanda,Reyes,Nurse Practicioner,Thai,areyes5c@who.int,Portugal
Guatemalan,Female,Michelle,Torres,Food Chemist,Tswana,mtorres5d@google.ca,Indonesia
Hmong,Male,Arthur,Hughes,Tax Accountant,Azeri,ahughes5e@answers.com,Luxembourg
Apache,Male,Bruce,Griffin,Social Worker,Belarusian,bgriffin5f@nyu.edu,China
Indonesian,Female,Annie,Duncan,Geologist II,Hindi,aduncan5g@tinypic.com,Indonesia
Salvadoran,Male,Joe,Lynch,Tax Accountant,Northern Sotho,jlynch5h@shop-pro.jp,Djibouti
Micronesian,Female,Marilyn,Johnson,Speech Pathologist,Burmese,mjohnson5i@plala.or.jp,Mexico
Yuman,Male,Matthew,Murray,Help Desk Operator,West Frisian,mmurray5j@merriam-webster.com,Guatemala
Melanesian,Female,Phyllis,George,Data Coordiator,Gujarati,pgeorge5k@boston.com,Ethiopia
Navajo,Male,Thomas,Hall,Senior Sales Associate,Bosnian,thall5l@weibo.com,Russia
Tongan,Male,Earl,Smith,VP Marketing,Sotho,esmith5m@archive.org,Russia
Argentinian,Male,Billy,Roberts,Physical Therapy Assistant,Bosnian,broberts5n@flickr.com,Sweden
Sioux,Female,Laura,Lee,Account Executive,West Frisian,llee5o@acquirethisname.com,Canada
Sri Lankan,Female,Patricia,Lewis,Software Consultant,Yiddish,plewis5p@e-recht24.de,Russia
Cambodian,Male,Ralph,Chapman,Pharmacist,Punjabi,rchapman5q@hc360.com,Poland
Laotian,Male,Ronald,Morrison,Office Assistant I,Kashmiri,rmorrison5r@paypal.com,Philippines
Asian,Male,Sean,Medina,Health Coach IV,Amharic,smedina5s@imageshack.us,Indonesia
Native Hawaiian and Other Pacific Islander (NHPI),Male,William,Wheeler,GIS Technical Architect,Malay,wwheeler5t@xinhuanet.com,China
Filipino,Female,Lois,Henderson,General Manager,Mongolian,lhenderson5u@ucoz.ru,China
Malaysian,Female,Lisa,Ford,Technical Writer,Gagauz,lford5v@linkedin.com,Albania
Choctaw,Female,Nicole,Richards,Data Coordiator,Dhivehi,nrichards5w@parallels.com,China
Cheyenne,Male,Harold,Flores,VP Marketing,Haitian Creole,hflores5x@springer.com,Kiribati
Creek,Female,Katherine,Lawson,Database Administrator I,West Frisian,klawson5y@mail.ru,Pakistan
Guatemalan,Male,Steven,Gomez,Actuary,Romanian,sgomez5z@netlog.com,Estonia
Uruguayan,Male,Ryan,Brooks,VP Quality Control,Bengali,rbrooks60@mediafire.com,Indonesia
American Indian and Alaska Native (AIAN),Male,Matthew,Reynolds,Software Test Engineer I,West Frisian,mreynolds61@meetup.com,Russia
Pima,Male,Thomas,Ellis,Product Engineer,Kashmiri,tellis62@free.fr,Nigeria
Mexican,Male,Aaron,Walker,VP Quality Control,Fijian,awalker63@51.la,Mongolia
Ute,Male,Eugene,Romero,Computer Systems Analyst I,Kyrgyz,eromero64@discovery.com,Poland
Tongan,Female,Jacqueline,Watson,Developer II,Gujarati,jwatson65@addthis.com,Indonesia
Filipino,Male,Larry,Martinez,Computer Systems Analyst III,Somali,lmartinez66@multiply.com,Indonesia
Costa Rican,Male,Steven,Simmons,Paralegal,Korean,ssimmons67@instagram.com,Croatia
Micronesian,Male,Martin,Cruz,Business Systems Development Analyst,Tamil,mcruz68@arstechnica.com,Brazil
Salvadoran,Male,Gerald,Cooper,Web Designer IV,Papiamento,gcooper69@mozilla.org,Russia
Paraguayan,Male,Paul,Willis,Senior Financial Analyst,Luxembourgish,pwillis6a@shutterfly.com,Zimbabwe
Korean,Male,Juan,Bryant,Design Engineer,Azeri,jbryant6b@reuters.com,Portugal
Melanesian,Male,Ryan,Willis,Recruiter,Bulgarian,rwillis6c@apple.com,Norway
Central American,Female,Maria,Sanders,Editor,Swedish,msanders6d@hibu.com,Indonesia
Osage,Male,Randy,Porter,Human Resources Assistant II,Latvian,rporter6e@engadget.com,Indonesia
Venezuelan,Female,Janet,Burton,Media Manager IV,Guaraní,jburton6f@shinystat.com,Philippines
Cuban,Male,Antonio,Sanchez,Payment Adjustment Coordinator,Estonian,asanchez6g@sun.com,Portugal
Yaqui,Male,Henry,Porter,Health Coach III,Maltese,hporter6h@tamu.edu,Russia
Bolivian,Female,Andrea,Richardson,Marketing Manager,Aymara,arichardson6i@netlog.com,China
Bangladeshi,Female,Susan,Perry,Software Consultant,Malayalam,sperry6j@sakura.ne.jp,China
Colville,Male,Jose,Richardson,Senior Sales Associate,Spanish,jrichardson6k@ted.com,Indonesia
Argentinian,Male,Philip,Lopez,Editor,Burmese,plopez6l@weibo.com,China
Sri Lankan,Male,Roger,Bradley,VP Marketing,West Frisian,rbradley6m@homestead.com,Sweden
Comanche,Male,Harry,Richardson,Associate Professor,Bulgarian,hrichardson6n@businessinsider.com,Philippines
Ute,Male,Jerry,Baker,Structural Engineer,Hiri Motu,jbaker6o@prlog.org,Russia
Colombian,Male,Ronald,Miller,Geological Engineer,Bosnian,rmiller6p@blogs.com,Philippines
Menominee,Male,Billy,Richardson,Cost Accountant,Estonian,brichardson6q@netscape.com,Russia
Black or African American,Female,Martha,Diaz,Administrative Officer,Macedonian,mdiaz6r@oracle.com,China
South American,Male,Dennis,Washington,Quality Engineer,Zulu,dwashington6s@thetimes.co.uk,Indonesia
Polynesian,Female,Lois,Diaz,Office Assistant II,Korean,ldiaz6t@e-recht24.de,China
Delaware,Female,Joan,Fisher,General Manager,Khmer,jfisher6u@archive.org,Honduras
Hmong,Female,Andrea,Burton,VP Quality Control,Filipino,aburton6v@bbb.org,China
Ute,Male,Justin,Gardner,Assistant Media Planner,Chinese,jgardner6w@hugedomains.com,Indonesia
Cuban,Female,Mildred,Dixon,Web Designer III,Irish Gaelic,mdixon6x@i2i.jp,Russia
Korean,Female,Sharon,Allen,Operator,Catalan,sallen6y@japanpost.jp,China
Potawatomi,Female,Paula,Richardson,Assistant Professor,Tamil,prichardson6z@npr.org,United States
Fijian,Female,Lisa,Lane,Engineer III,Northern Sotho,llane70@elegantthemes.com,Tunisia
Cheyenne,Male,Keith,Carter,Junior Executive,Norwegian,kcarter71@weibo.com,Indonesia
Comanche,Male,Donald,Fields,Budget/Accounting Analyst II,Gagauz,dfields72@shinystat.com,France
Peruvian,Male,Eric,Robertson,Safety Technician III,Mongolian,erobertson73@nationalgeographic.com,China
Ute,Female,Jessica,Ross,Media Manager I,Persian,jross74@diigo.com,Vietnam
Native Hawaiian and Other Pacific Islander (NHPI),Male,William,Murray,Computer Systems Analyst III,Dari,wmurray75@unblog.fr,Thailand
Pakistani,Female,Elizabeth,Watson,Geological Engineer,Punjabi,ewatson76@issuu.com,Indonesia
Paraguayan,Male,Willie,Arnold,Structural Analysis Engineer,Catalan,warnold77@sakura.ne.jp,Canada
Chilean,Male,Dennis,Peterson,Analyst Programmer,Thai,dpeterson78@zdnet.com,Belarus
Asian Indian,Male,John,Henry,Software Test Engineer III,Maltese,jhenry79@cam.ac.uk,Czech Republic
Asian Indian,Male,Russell,Bailey,Budget/Accounting Analyst IV,Hungarian,rbailey7a@netlog.com,China
Bangladeshi,Female,Amy,Reynolds,Research Nurse,Italian,areynolds7b@umich.edu,Russia
Pueblo,Female,Joyce,Lynch,Graphic Designer,Swahili,jlynch7c@live.com,Serbia
Salvadoran,Female,Doris,Bishop,Clinical Specialist,English,dbishop7d@xinhuanet.com,Philippines
Cree,Male,Samuel,Ellis,Engineer III,Spanish,sellis7e@typepad.com,Czech Republic
Sri Lankan,Female,Kimberly,Morrison,Electrical Engineer,Aymara,kmorrison7f@europa.eu,Brazil
Crow,Female,Amanda,Garcia,Dental Hygienist,Tswana,agarcia7g@imdb.com,Philippines
Yaqui,Female,Anna,Burns,Senior Cost Accountant,Romanian,aburns7h@alexa.com,Albania
Asian Indian,Female,Catherine,George,Financial Analyst,Somali,cgeorge7i@a8.net,Russia
Chickasaw,Male,Albert,Gonzales,Programmer IV,Polish,agonzales7j@mozilla.com,Indonesia
Samoan,Male,William,Smith,Senior Developer,Greek,wsmith7k@sina.com.cn,Turkmenistan
Melanesian,Male,Philip,Fernandez,Help Desk Operator,Dutch,pfernandez7l@live.com,Malawi
Asian,Male,Steven,Peterson,Developer IV,Burmese,speterson7m@hatena.ne.jp,China
Filipino,Female,Virginia,Lee,Computer Systems Analyst II,Norwegian,vlee7n@studiopress.com,Brazil
Filipino,Female,Karen,Lawson,Civil Engineer,Malay,klawson7o@hatena.ne.jp,Nepal
Colombian,Male,Phillip,Hunter,Chemical Engineer,Zulu,phunter7p@ezinearticles.com,Brazil
Asian,Male,Paul,Banks,Dental Hygienist,Latvian,pbanks7q@ucla.edu,New Caledonia
Micronesian,Female,Debra,Garza,Quality Engineer,New Zealand Sign Language,dgarza7r@wix.com,Thailand
Tongan,Female,Stephanie,Dixon,Quality Engineer,Yiddish,sdixon7s@mtv.com,China
Yakama,Male,Edward,Marshall,Account Coordinator,Bulgarian,emarshall7t@twitpic.com,Indonesia
Crow,Female,Jacqueline,Parker,Civil Engineer,Greek,jparker7u@blogs.com,Greece
South American,Male,Kenneth,Woods,Sales Associate,Greek,kwoods7v@cam.ac.uk,Egypt
Ute,Male,Donald,Wallace,Software Consultant,Hungarian,dwallace7w@fotki.com,Russia
Chickasaw,Female,Ruth,Morales,Marketing Assistant,Czech,rmorales7x@uol.com.br,Brazil
Peruvian,Female,Teresa,Schmidt,Nurse,Tswana,tschmidt7y@taobao.com,Italy
Seminole,Female,Anne,Thomas,Design Engineer,Irish Gaelic,athomas7z@example.com,Cameroon
Tongan,Male,Paul,Freeman,Pharmacist,Punjabi,pfreeman80@digg.com,Portugal
Filipino,Male,Justin,White,VP Product Management,Tswana,jwhite81@imageshack.us,Philippines
Yuman,Male,David,Bell,Analyst Programmer,Polish,dbell82@scribd.com,Colombia
Navajo,Male,Phillip,Ford,Structural Analysis Engineer,Kurdish,pford83@symantec.com,Ireland
Sri Lankan,Female,Carolyn,Turner,Research Associate,Dutch,cturner84@earthlink.net,China
Delaware,Male,Joe,Castillo,Project Manager,French,jcastillo85@eepurl.com,Bulgaria
Kiowa,Female,Julie,Morales,Clinical Specialist,Marathi,jmorales86@wp.com,Mexico
Shoshone,Male,Justin,Cunningham,Editor,Kazakh,jcunningham87@imdb.com,Norway
Polynesian,Male,Brian,Kelly,Assistant Manager,Hungarian,bkelly88@hexun.com,Russia
Paraguayan,Male,Albert,Black,Electrical Engineer,Greek,ablack89@opensource.org,China
Guatemalan,Male,Earl,Larson,Administrative Assistant III,Portuguese,elarson8a@economist.com,Sudan
Choctaw,Male,Joe,Nelson,Senior Editor,Greek,jnelson8b@godaddy.com,Morocco
Colombian,Male,Gary,Mccoy,Speech Pathologist,Kurdish,gmccoy8c@geocities.jp,Czech Republic
Pueblo,Female,Sara,Morrison,Statistician I,Finnish,smorrison8d@uiuc.edu,Cyprus
Colombian,Female,Wanda,Powell,Systems Administrator III,Chinese,wpowell8e@amazon.com,Indonesia
Asian,Female,Amanda,Taylor,Compensation Analyst,Papiamento,ataylor8f@intel.com,Pakistan
Cherokee,Female,Anna,Thompson,Electrical Engineer,Latvian,athompson8g@ocn.ne.jp,Indonesia
Pueblo,Female,Evelyn,Fox,Information Systems Manager,Fijian,efox8h@princeton.edu,Philippines
Bangladeshi,Female,Sara,Edwards,Recruiting Manager,Kannada,sedwards8i@sourceforge.net,Canada
Ute,Female,Teresa,Nichols,Recruiting Manager,Hindi,tnichols8j@google.com.au,Indonesia
Asian Indian,Male,Martin,Berry,Assistant Professor,Gagauz,mberry8k@sun.com,Russia
Bangladeshi,Male,Samuel,Palmer,Community Outreach Specialist,Somali,spalmer8l@cpanel.net,China
Guatemalan,Female,Kathleen,Thomas,Media Manager III,Lithuanian,kthomas8m@google.com.br,China
Cherokee,Female,Diana,Coleman,Internal Auditor,Arabic,dcoleman8n@google.com,Peru
Comanche,Male,Phillip,Crawford,Structural Analysis Engineer,Korean,pcrawford8o@jiathis.com,Ireland
Lumbee,Female,Marilyn,Brooks,Staff Scientist,French,mbrooks8p@apple.com,Poland
Uruguayan,Male,Raymond,Bailey,Project Manager,Icelandic,rbailey8q@wired.com,Pakistan
Japanese,Male,Jeffrey,Castillo,Sales Representative,Kyrgyz,jcastillo8r@360.cn,Venezuela
South American,Female,Kathy,Bowman,Director of Sales,Sotho,kbowman8s@imdb.com,China
Chinese,Female,Anne,Williams,Electrical Engineer,Albanian,awilliams8t@gov.uk,Palestinian Territory
Colville,Male,Paul,Day,Operator,English,pday8u@lulu.com,Mexico
Nicaraguan,Female,Jacqueline,Ferguson,Electrical Engineer,Tajik,jferguson8v@icio.us,Colombia
Costa Rican,Female,Cynthia,Marshall,Project Manager,Malay,cmarshall8w@cbc.ca,Cuba
Fijian,Male,Michael,Alexander,Assistant Professor,Mongolian,malexander8x@boston.com,Colombia
Black or African American,Male,Earl,Peters,Design Engineer,Thai,epeters8y@mlb.com,China
Vietnamese,Female,Sandra,Thomas,Account Coordinator,Catalan,sthomas8z@ibm.com,Czech Republic
Guatemalan,Male,Brian,Kim,Nurse Practicioner,Icelandic,bkim90@cnbc.com,Russia
Paiute,Male,Daniel,Montgomery,Dental Hygienist,Tajik,dmontgomery91@about.com,China
Asian Indian,Female,Marilyn,Powell,Software Consultant,New Zealand Sign Language,mpowell92@illinois.edu,Russia
Alaska Native,Female,Donna,Morales,Database Administrator II,Swati,dmorales93@zdnet.com,Republic of the Congo
Tlingit-Haida,Male,Jason,Scott,VP Product Management,Icelandic,jscott94@t.co,Denmark
Cherokee,Male,Gary,Mills,Financial Analyst,French,gmills95@accuweather.com,Pakistan
Korean,Female,Joyce,Porter,General Manager,Quechua,jporter96@rediff.com,China
South American,Female,Margaret,Murray,Physical Therapy Assistant,Tamil,mmurray97@dyndns.org,Philippines
Alaska Native,Male,Jeffrey,Garrett,Programmer Analyst II,Czech,jgarrett98@cocolog-nifty.com,Poland
Cambodian,Male,Louis,Mcdonald,Computer Systems Analyst IV,Lao,lmcdonald99@dmoz.org,Portugal
Venezuelan,Male,Fred,Sims,Environmental Tech,Indonesian,fsims9a@craigslist.org,Greece
Tohono O'Odham,Female,Robin,Austin,Structural Analysis Engineer,Thai,raustin9b@sogou.com,United States
Puget Sound Salish,Female,Michelle,Wells,Structural Engineer,Kazakh,mwells9c@t-online.de,Hungary
Uruguayan,Male,Anthony,Lawson,Safety Technician III,Hungarian,alawson9d@rambler.ru,France
Aleut,Female,Betty,Grant,Engineer III,Malay,bgrant9e@desdev.cn,Poland
Potawatomi,Male,John,Tucker,Web Developer III,Kurdish,jtucker9f@theguardian.com,Thailand
Colville,Female,Amanda,Cole,Geologist I,Croatian,acole9g@google.com.hk,Thailand
Sri Lankan,Female,Frances,Shaw,VP Marketing,Yiddish,fshaw9h@noaa.gov,Poland
Yuman,Female,Ann,Jordan,Staff Accountant III,Belarusian,ajordan9i@sciencedirect.com,China
Native Hawaiian and Other Pacific Islander (NHPI),Male,Jerry,Diaz,Mechanical Systems Engineer,Swati,jdiaz9j@twitpic.com,Russia
Houma,Male,Henry,Bryant,Junior Executive,Fijian,hbryant9k@pagesperso-orange.fr,Albania
Pueblo,Female,Margaret,Roberts,Payment Adjustment Coordinator,Maltese,mroberts9l@webeden.co.uk,Greece
Apache,Female,Lois,Perkins,Technical Writer,Macedonian,lperkins9m@bravesites.com,Belarus
Paiute,Female,Maria,Marshall,Automation Specialist III,Hungarian,mmarshall9n@accuweather.com,Luxembourg
Puerto Rican,Male,George,Foster,Assistant Professor,Montenegrin,gfoster9o@hatena.ne.jp,Libya
Colville,Male,Scott,Franklin,Nuclear Power Engineer,Bengali,sfranklin9p@abc.net.au,China
Cheyenne,Male,Jeremy,Robertson,Staff Scientist,Quechua,jrobertson9q@stumbleupon.com,Zimbabwe
Chamorro,Male,Frank,Lane,Financial Advisor,Gagauz,flane9r@jiathis.com,Spain
Venezuelan,Male,Andrew,Allen,Human Resources Manager,Georgian,aallen9s@phoca.cz,Croatia
Malaysian,Male,David,Reyes,Nurse Practicioner,Czech,dreyes9t@youtube.com,Senegal
Filipino,Female,Bonnie,Scott,Computer Systems Analyst II,Filipino,bscott9u@mozilla.org,Sweden
Delaware,Male,Gerald,Webb,Web Developer III,Danish,gwebb9v@google.cn,Colombia
Honduran,Male,Aaron,Armstrong,Registered Nurse,Yiddish,aarmstrong9w@wikia.com,Sweden
Samoan,Male,Jason,Richards,Chemical Engineer,Marathi,jrichards9x@google.cn,Russia
Cuban,Male,Roger,Ellis,Senior Financial Analyst,Gagauz,rellis9y@furl.net,China
Chamorro,Male,Clarence,Boyd,Graphic Designer,Guaraní,cboyd9z@google.cn,Malaysia
Bolivian,Female,Alice,Gibson,Quality Control Specialist,Ndebele,agibsona0@un.org,Sweden
Black or African American,Male,Ralph,Bryant,Computer Systems Analyst II,Estonian,rbryanta1@smh.com.au,Bahamas
Chilean,Female,Sarah,Dean,VP Product Management,Luxembourgish,sdeana2@typepad.com,Peru
Samoan,Female,Diane,West,Compensation Analyst,Dutch,dwesta3@arstechnica.com,China
Puerto Rican,Male,Frank,Cook,Legal Assistant,Dzongkha,fcooka4@usatoday.com,China
Cree,Male,Ryan,Vasquez,Internal Auditor,Swati,rvasqueza5@skyrock.com,Portugal
Salvadoran,Male,Joseph,Baker,Dental Hygienist,Tamil,jbakera6@huffingtonpost.com,Russia
Cambodian,Female,Diana,Flores,VP Sales,Zulu,dfloresa7@biglobe.ne.jp,Russia
Argentinian,Female,Ruby,Ray,Senior Financial Analyst,Dari,rraya8@disqus.com,China
Creek,Male,Harold,Taylor,Business Systems Development Analyst,Hindi,htaylora9@google.com.hk,Philippines
Lumbee,Male,Steven,Perry,Assistant Professor,Quechua,sperryaa@nhs.uk,Brazil
Guatemalan,Female,Angela,Smith,Chief Design Engineer,Northern Sotho,asmithab@hibu.com,China
Navajo,Male,Dennis,Parker,Administrative Assistant II,Luxembourgish,dparkerac@xing.com,Vietnam
Japanese,Female,Denise,Ramos,Legal Assistant,Somali,dramosad@chronoengine.com,Russia
Argentinian,Female,Sarah,Garza,Biostatistician III,Dhivehi,sgarzaae@rambler.ru,Philippines
Osage,Male,Richard,Wallace,Statistician I,Tswana,rwallaceaf@bigcartel.com,Bosnia and Herzegovina
Cuban,Male,Martin,James,Internal Auditor,Tamil,mjamesag@umich.edu,Argentina
Choctaw,Male,David,Martinez,Tax Accountant,Georgian,dmartinezah@google.es,Mali
Native Hawaiian and Other Pacific Islander (NHPI),Male,Billy,Mason,Community Outreach Specialist,Papiamento,bmasonai@myspace.com,Nigeria
Pakistani,Female,Patricia,Warren,Business Systems Development Analyst,Polish,pwarrenaj@dyndns.org,China
Ute,Male,Joshua,Dean,Administrative Officer,Hiri Motu,jdeanak@sourceforge.net,Kuwait
Alaska Native,Female,Irene,Cooper,Electrical Engineer,Icelandic,icooperal@blog.com,China
Micronesian,Male,Nicholas,Clark,Senior Editor,Macedonian,nclarkam@google.com.hk,China
Ecuadorian,Male,Howard,Turner,Marketing Manager,Nepali,hturneran@wix.com,Philippines
Dominican (Dominican Republic),Male,Carl,Allen,Statistician I,Dutch,callenao@flavors.me,Mexico
Lumbee,Female,Shirley,Williamson,Civil Engineer,Papiamento,swilliamsonap@ucoz.com,Pakistan
Cuban,Male,Benjamin,Coleman,Social Worker,Icelandic,bcolemanaq@vimeo.com,Indonesia
Ute,Male,Ryan,Weaver,Web Designer I,Malay,rweaverar@ca.gov,Vietnam
Cuban,Female,Marilyn,Webb,Administrative Assistant I,Tsonga,mwebbas@fda.gov,France
Dominican (Dominican Republic),Female,Paula,Jacobs,Project Manager,Haitian Creole,pjacobsat@rakuten.co.jp,Peru
Ottawa,Male,Roger,Day,Developer III,Assamese,rdayau@mozilla.com,China
Cherokee,Male,Frank,Nguyen,Software Consultant,Oriya,fnguyenav@yahoo.co.jp,Sri Lanka
Spaniard,Male,Philip,Sullivan,Safety Technician I,Polish,psullivanaw@hugedomains.com,Kenya
Asian Indian,Female,Kathy,Mason,Budget/Accounting Analyst IV,Kurdish,kmasonax@soundcloud.com,China
Mexican,Female,Jessica,Hart,Senior Developer,Finnish,jhartay@godaddy.com,China
Spaniard,Female,Anne,Mitchell,Engineer III,Quechua,amitchellaz@home.pl,Russia
Mexican,Male,Jesse,Reed,Teacher,Swahili,jreedb0@oaic.gov.au,China
Delaware,Male,Gregory,Morgan,Human Resources Manager,Amharic,gmorganb1@etsy.com,Cameroon
Cuban,Male,Aaron,Henry,Structural Analysis Engineer,Icelandic,ahenryb2@yahoo.com,Philippines
Navajo,Female,Janice,Hicks,Financial Advisor,Zulu,jhicksb3@umich.edu,Ukraine
Paiute,Male,Douglas,Snyder,Account Coordinator,Malagasy,dsnyderb4@sina.com.cn,Democratic Republic of the Congo
Guatemalan,Female,Christina,Elliott,Financial Advisor,Kurdish,celliottb5@amazon.co.jp,China
Laotian,Female,Jane,Bailey,Junior Executive,Moldovan,jbaileyb6@umn.edu,Poland
Creek,Male,Jeremy,Berry,Speech Pathologist,Zulu,jberryb7@livejournal.com,Philippines
Blackfeet,Male,Clarence,Webb,Marketing Assistant,Arabic,cwebbb8@smh.com.au,Indonesia
Paraguayan,Female,Jacqueline,Hudson,Senior Sales Associate,Tswana,jhudsonb9@senate.gov,Japan
Blackfeet,Female,Louise,Baker,Business Systems Development Analyst,West Frisian,lbakerba@youtube.com,Mauritius
Ottawa,Male,Gregory,Butler,Financial Advisor,Tsonga,gbutlerbb@economist.com,Philippines
Latin American Indian,Male,Jerry,Cole,Clinical Specialist,Polish,jcolebc@webnode.com,Brazil
Pakistani,Female,Christina,Edwards,Assistant Manager,Tetum,cedwardsbd@state.tx.us,Philippines
Japanese,Male,Nicholas,Griffin,Sales Representative,Indonesian,ngriffinbe@amazon.co.uk,Russia
South American,Male,Johnny,Lopez,Engineer III,Malagasy,jlopezbf@themeforest.net,Czech Republic
Indonesian,Female,Theresa,Cook,Graphic Designer,Fijian,tcookbg@answers.com,Portugal
Cheyenne,Male,Sean,Gray,Senior Cost Accountant,Tok Pisin,sgraybh@cloudflare.com,United States
Native Hawaiian and Other Pacific Islander (NHPI),Female,Shirley,Wagner,GIS Technical Architect,Indonesian,swagnerbi@cdbaby.com,Argentina
Yaqui,Female,Anne,Kennedy,Social Worker,Tamil,akennedybj@dmoz.org,Philippines
Chilean,Male,Charles,Mason,Internal Auditor,Ndebele,cmasonbk@goo.ne.jp,Indonesia
Sri Lankan,Female,Christina,Bishop,Chemical Engineer,Kannada,cbishopbl@illinois.edu,China
Eskimo,Female,Virginia,Sanders,Recruiting Manager,Kurdish,vsandersbm@booking.com,Portugal
Aleut,Male,Antonio,Myers,Marketing Manager,Tswana,amyersbn@berkeley.edu,China
Alaska Native,Female,Jennifer,Campbell,Graphic Designer,Tsonga,jcampbellbo@zdnet.com,Ukraine
Shoshone,Male,Jack,Burton,Budget/Accounting Analyst IV,Indonesian,jburtonbp@xrea.com,Indonesia
Crow,Male,Gregory,Welch,Food Chemist,Somali,gwelchbq@istockphoto.com,Japan
Sioux,Male,Shawn,Adams,Senior Financial Analyst,Tok Pisin,sadamsbr@technorati.com,Brazil
Osage,Male,John,Jenkins,Paralegal,Telugu,jjenkinsbs@lulu.com,China
American Indian,Male,Harry,Castillo,Dental Hygienist,Lao,hcastillobt@cpanel.net,Philippines
Alaska Native,Male,Joe,Gray,Payment Adjustment Coordinator,Armenian,jgraybu@scribd.com,Russia
Yakama,Female,Louise,Hamilton,Nurse,Tok Pisin,lhamiltonbv@cbc.ca,China
Alaskan Athabascan,Female,Rebecca,Martin,Accountant II,Bulgarian,rmartinbw@unc.edu,Poland
Colombian,Male,James,Medina,Chemical Engineer,Tsonga,jmedinabx@abc.net.au,South Africa
Uruguayan,Female,Kathryn,Gordon,Geological Engineer,Gujarati,kgordonby@wordpress.com,Sweden
Thai,Female,Mary,Sims,Pharmacist,Marathi,msimsbz@microsoft.com,Sweden
Costa Rican,Male,Earl,Richards,Clinical Specialist,Sotho,erichardsc0@baidu.com,Czech Republic
Vietnamese,Male,Shawn,Graham,Budget/Accounting Analyst II,Kannada,sgrahamc1@answers.com,China
Tongan,Male,Richard,Medina,Senior Sales Associate,Luxembourgish,rmedinac2@ow.ly,China
Asian,Female,Patricia,Frazier,Junior Executive,Dari,pfrazierc3@npr.org,Belarus
Yakama,Female,Janice,Larson,Assistant Media Planner,West Frisian,jlarsonc4@google.nl,Slovenia
Iroquois,Male,Andrew,Walker,Actuary,Icelandic,awalkerc5@goodreads.com,China
Cheyenne,Male,Jason,Riley,Structural Engineer,Gujarati,jrileyc6@cnet.com,China
Chilean,Female,Amanda,Spencer,Professor,Oriya,aspencerc7@google.cn,Benin
Korean,Male,Larry,Ray,Research Assistant III,Czech,lrayc8@cocolog-nifty.com,Indonesia
Uruguayan,Female,Kathy,Ramos,Recruiting Manager,Telugu,kramosc9@blogs.com,United States
Chamorro,Male,Mark,Wheeler,Human Resources Manager,Icelandic,mwheelerca@nymag.com,China
Yaqui,Male,Roger,Porter,Engineer III,Estonian,rportercb@bloglines.com,Ukraine
Delaware,Male,Lawrence,Thomas,Payment Adjustment Coordinator,West Frisian,lthomascc@xinhuanet.com,Indonesia
Chinese,Male,Randy,Wood,Marketing Assistant,Dhivehi,rwoodcd@canalblog.com,Indonesia
Paraguayan,Male,Steve,Moreno,VP Sales,Czech,smorenoce@so-net.ne.jp,Bangladesh
Colville,Male,Jack,Gomez,Environmental Specialist,Italian,jgomezcf@vistaprint.com,Poland
Spaniard,Male,Fred,Gordon,Tax Accountant,Tsonga,fgordoncg@nbcnews.com,Sweden
Chinese,Female,Alice,Kelly,VP Marketing,Northern Sotho,akellych@patch.com,Hungary
American Indian,Male,Joseph,Richards,Staff Accountant IV,Zulu,jrichardsci@mysql.com,Portugal
Asian Indian,Male,Jerry,Campbell,Payment Adjustment Coordinator,Luxembourgish,jcampbellcj@de.vu,China
Spaniard,Female,Lillian,Martin,VP Accounting,Nepali,lmartinck@google.co.jp,Brazil
Salvadoran,Male,Jeffrey,Stephens,Account Executive,Czech,jstephenscl@vistaprint.com,France
Nicaraguan,Male,Justin,Peters,Accountant IV,Nepali,jpeterscm@hibu.com,Nicaragua
Choctaw,Male,Adam,Foster,Occupational Therapist,Zulu,afostercn@google.ca,Thailand
Alaska Native,Female,Ruth,Ramos,Executive Secretary,Azeri,rramosco@globo.com,Thailand
Laotian,Male,Harold,Black,Administrative Officer,Macedonian,hblackcp@go.com,China
Native Hawaiian,Male,Gary,Miller,Help Desk Operator,Luxembourgish,gmillercq@wikimedia.org,Brazil
Chippewa,Male,Jason,Weaver,Programmer II,Telugu,jweavercr@ezinearticles.com,Brazil
Eskimo,Female,Tammy,Scott,Operator,Indonesian,tscottcs@dailymail.co.uk,China
Ottawa,Male,Larry,Lee,Pharmacist,Macedonian,lleect@tamu.edu,Thailand
Salvadoran,Male,Chris,Ruiz,Registered Nurse,Indonesian,cruizcu@rambler.ru,Indonesia
Chippewa,Male,Roy,Howard,Analyst Programmer,Kannada,rhowardcv@yellowbook.com,United States
Alaskan Athabascan,Male,Jesse,Martin,Chemical Engineer,Croatian,jmartincw@apple.com,China
Eskimo,Male,Clarence,Romero,Systems Administrator I,Tajik,cromerocx@wufoo.com,Brazil
Puget Sound Salish,Female,Kathleen,Thompson,Junior Executive,Northern Sotho,kthompsoncy@engadget.com,Poland
Iroquois,Female,Kimberly,Watson,Web Developer I,Māori,kwatsoncz@salon.com,Czech Republic
Crow,Male,Jeffrey,Franklin,Administrative Assistant III,Persian,jfranklind0@angelfire.com,China
Bolivian,Male,Nicholas,Jordan,Administrative Officer,Haitian Creole,njordand1@bloglovin.com,Portugal
Malaysian,Male,Craig,Moore,Chief Design Engineer,Khmer,cmoored2@google.co.uk,China
Choctaw,Female,Michelle,Ryan,Design Engineer,Haitian Creole,mryand3@bluehost.com,Peru
Tohono O'Odham,Female,Kimberly,Sanders,Actuary,Papiamento,ksandersd4@youtube.com,China
Chinese,Female,Linda,Baker,Product Engineer,Danish,lbakerd5@livejournal.com,France
Tlingit-Haida,Male,Dennis,Campbell,Administrative Assistant II,Aymara,dcampbelld6@ow.ly,Indonesia
Navajo,Male,Edward,Miller,Quality Control Specialist,Romanian,emillerd7@wordpress.com,Netherlands
Cambodian,Female,Jennifer,Torres,Payment Adjustment Coordinator,Swati,jtorresd8@indiegogo.com,Greece
Alaska Native,Female,Gloria,Barnes,Senior Developer,Amharic,gbarnesd9@photobucket.com,Russia
American Indian and Alaska Native (AIAN),Male,James,Bennett,Senior Financial Analyst,Bengali,jbennettda@smugmug.com,Poland
Chamorro,Male,Peter,Duncan,Safety Technician I,French,pduncandb@nifty.com,Malaysia
Bangladeshi,Male,Joe,Nichols,Paralegal,Swahili,jnicholsdc@admin.ch,Russia
Tohono O'Odham,Male,Jeremy,Brown,Environmental Tech,Gujarati,jbrowndd@google.it,Serbia
Indonesian,Female,Debra,Gomez,Accounting Assistant IV,Kazakh,dgomezde@deliciousdays.com,Mexico
Yaqui,Female,Doris,Little,Administrative Assistant II,Japanese,dlittledf@livejournal.com,Canada
Thai,Male,Fred,Evans,Administrative Assistant III,Malayalam,fevansdg@imdb.com,United States
Native Hawaiian,Male,Gary,Dean,Sales Associate,Belarusian,gdeandh@theatlantic.com,Thailand
Ecuadorian,Male,Stephen,Kelly,VP Marketing,Gujarati,skellydi@engadget.com,Russia
Nicaraguan,Female,Janet,Perez,Chief Design Engineer,Kazakh,jperezdj@microsoft.com,Russia
Comanche,Female,Louise,Fields,Help Desk Technician,Dari,lfieldsdk@alexa.com,Ukraine
Central American,Female,Diane,Fernandez,Senior Developer,Albanian,dfernandezdl@nifty.com,Bosnia and Herzegovina
Cherokee,Male,Larry,Evans,Human Resources Assistant III,Swedish,levansdm@oaic.gov.au,Greece
Delaware,Female,Mary,Kim,Payment Adjustment Coordinator,Korean,mkimdn@jugem.jp,Philippines
Fijian,Male,Earl,George,Graphic Designer,Burmese,egeorgedo@livejournal.com,Colombia
American Indian,Female,Barbara,Foster,Food Chemist,Ndebele,bfosterdp@amazon.co.jp,Portugal
Osage,Female,Ashley,Greene,Research Assistant I,Lao,agreenedq@wsj.com,South Africa
Guatemalan,Female,Ashley,Banks,Media Manager II,Filipino,abanksdr@aol.com,Peru
Pueblo,Male,Eric,Washington,VP Quality Control,Tetum,ewashingtonds@vimeo.com,Thailand
Laotian,Male,Justin,Gray,Developer I,German,jgraydt@histats.com,Indonesia
Thai,Male,Ronald,Cole,Help Desk Operator,Dzongkha,rcoledu@smugmug.com,Pakistan
American Indian and Alaska Native (AIAN),Female,Debra,Riley,Actuary,Swati,drileydv@reuters.com,Peru
